order_id,customer_id,zip,city,region,unit_price,qty,total,discount_pct,order_date,delivered_days,late,note,weight_kg,subtotal
1000,41,10121,Torino,Piemonte,31.33,9,281.97,10,2025-10-03,4,0,fragile - handle with care,3.75,253.77300000000002
1001,48,10121,Torino,Piemonte,57.28,1,57.28,10,2025-04-12,7,0,none,0.492,51.552
1002,44,40121,Bologna,Emilia,57.95,2,115.9,0,2025-01-15,10,1,none,1.062,115.9
1003,70,80121,Napoli,Campania,52.4,6,314.4,5,2025-01-18,3,0,call before delivery,3.267,298.67999999999995
1004,23,00100,Roma,Lazio,45.32,8,362.56,0,2025-10-24,1,0,fragile - handle with care,4.259,362.56
1005,41,00100,Roma,Lazio,59.69,3,179.07,10,2025-03-28,1,0,left at door,1.672,161.163
1006,68,80121,Napoli,Campania,96.83,6,580.98,10,2025-10-06,14,1,left at door,2.535,522.8820000000001
1007,49,80121,Napoli,Campania,48.52,9,436.68,5,2025-06-03,11,1,call before delivery,4.532,414.846
1008,57,20121,Milano,Lombardia,84.56,2,169.12,10,2025-12-26,4,0,left at door,0.981,152.208
1009,57,20121,Milano,Lombardia,10.31,2,20.62,10,2025-11-10,2,0,fragile - handle with care,1.0,18.558
1010,35,80121,Napoli,Campania,41.63,3,124.89,10,2025-12-30,8,1,call before delivery,1.48,112.401
1011,7,10121,Torino,Piemonte,58.25,3,174.75,0,2025-12-02,10,1,call before delivery,1.563,174.75
1012,52,20121,Milano,Lombardia,63.93,6,383.58,5,2025-02-08,7,0,none,2.528,364.401
1013,5,80121,Napoli,Campania,28.75,9,258.75,5,2025-01-08,8,1,none,3.619,245.8125
1014,29,20121,Milano,Lombardia,42.93,8,343.44,5,2025-03-22,4,0,none,3.899,326.268
1015,3,10121,Torino,Piemonte,94.97,5,474.85,10,2025-06-17,11,1,fragile - handle with care,2.589,427.365
1016,38,40121,Bologna,Emilia,66.64,6,399.84,5,2025-10-01,9,1,call before delivery,2.909,379.84799999999996
1017,9,10121,Torino,Piemonte,60.57,9,545.13,10,2025-09-07,14,1,fragile - handle with care,4.527,490.61699999999996
1018,69,00100,Roma,Lazio,11.2,9,100.8,5,2025-05-26,1,0,call before delivery,4.322,95.75999999999999
1019,21,00100,Roma,Lazio,9.96,8,79.68,5,2025-10-02,4,0,left at door,4.5,75.69600000000001
1020,79,80121,Napoli,Campania,25.08,8,200.64,5,2025-05-01,1,0,none,4.496,190.60799999999998
1021,4,40121,Bologna,Emilia,18.09,2,36.18,0,2025-02-28,7,0,left at door,0.86,36.18
1022,23,80121,Napoli,Campania,98.46,3,295.38,0,2025-09-26,2,0,fragile - handle with care,1.574,295.38
1023,48,10121,Torino,Piemonte,5.26,2,10.52,10,2025-01-03,11,1,call before delivery,1.009,9.468
1024,28,80121,Napoli,Campania,39.76,8,318.08,0,2025-07-18,3,0,left at door,3.29,318.08
1025,46,20121,Milano,Lombardia,10.55,4,42.2,5,2025-04-02,3,0,call before delivery,1.67,40.09
1026,25,10121,Torino,Piemonte,65.8,1,65.8,5,2025-11-18,11,1,left at door,0.563,62.51
1027,36,40121,Bologna,Emilia,9.42,8,75.36,0,2025-04-25,2,0,none,4.345,75.36
1028,17,00100,Roma,Lazio,11.5,9,103.5,5,2025-08-22,9,1,left at door,3.884,98.325
1029,1,20121,Milano,Lombardia,12.59,4,50.36,0,2025-03-10,2,0,left at door,2.069,50.36
1030,65,00100,Roma,Lazio,30.82,9,277.38,0,2025-12-24,14,1,none,5.208,277.38
1031,42,10121,Torino,Piemonte,59.75,5,298.75,5,2025-03-22,14,1,fragile - handle with care,2.523,283.8125
1032,66,80121,Napoli,Campania,81.52,3,244.56,10,2025-09-05,9,1,fragile - handle with care,1.561,220.104
1033,10,00100,Roma,Lazio,30.38,5,151.9,0,2025-08-30,12,1,fragile - handle with care,2.677,151.9
1034,54,20121,Milano,Lombardia,31.9,5,159.5,0,2025-12-12,11,1,call before delivery,2.529,159.5
1035,1,10121,Torino,Piemonte,83.33,3,249.99,10,2025-03-22,3,0,left at door,1.728,224.991
1036,70,80121,Napoli,Campania,75.87,6,455.22,10,2025-04-13,14,1,fragile - handle with care,2.706,409.69800000000004
1037,63,20121,Milano,Lombardia,17.05,8,136.4,10,2025-03-10,1,0,none,3.561,122.76
1038,16,10121,Torino,Piemonte,81.6,8,652.8,0,2025-10-22,13,1,left at door,3.361,652.8
1039,72,20121,Milano,Lombardia,83.97,1,83.97,10,2025-04-09,9,1,call before delivery,0.489,75.573
1040,18,00100,Roma,Lazio,21.89,4,87.56,0,2025-09-28,5,0,fragile - handle with care,1.861,87.56
1041,6,40121,Bologna,Emilia,64.56,3,193.68,10,2025-06-16,5,0,none,1.5,174.312
1042,46,00100,Roma,Lazio,23.69,8,189.52,10,2025-11-12,14,1,left at door,3.479,170.568
1043,53,20121,Milano,Lombardia,28.13,8,225.04,0,2025-03-14,4,0,call before delivery,3.969,225.04
1044,8,10121,Torino,Piemonte,51.93,3,155.79,10,2025-06-30,13,1,call before delivery,1.498,140.21099999999998
1045,5,10121,Torino,Piemonte,54.61,6,327.66,0,2025-06-30,3,0,fragile - handle with care,2.767,327.66
1046,76,00100,Roma,Lazio,50.51,2,101.02,10,2025-01-27,13,1,none,1.122,90.91799999999999
1047,46,80121,Napoli,Campania,56.41,5,282.05,10,2025-12-08,7,0,none,2.505,253.84500000000003
1048,43,40121,Bologna,Emilia,25.25,9,227.25,10,2025-05-25,13,1,left at door,4.67,204.525
1049,50,80121,Napoli,Campania,78.97,4,315.88,10,2025-10-27,5,0,none,2.362,284.292
1050,26,00100,Roma,Lazio,31.4,3,94.2,5,2025-07-04,12,1,call before delivery,1.726,89.49000000000001
1051,47,40121,Bologna,Emilia,91.7,2,183.4,10,2025-10-02,14,1,call before delivery,1.058,165.06
1052,48,20121,Milano,Lombardia,53.94,4,215.76,0,2025-08-11,9,1,left at door,1.604,215.76
1053,79,10121,Torino,Piemonte,33.85,5,169.25,0,2025-12-11,8,1,left at door,2.644,169.25
1054,18,80121,Napoli,Campania,21.57,7,150.99,5,2025-01-31,11,1,none,3.227,143.44050000000001
1055,49,20121,Milano,Lombardia,51.09,9,459.81,0,2025-12-03,13,1,fragile - handle with care,4.045,459.81
1056,65,40121,Bologna,Emilia,40.75,3,122.25,5,2025-12-07,13,1,left at door,1.563,116.1375
1057,14,00100,Roma,Lazio,64.19,6,385.14,5,2025-07-21,13,1,fragile - handle with care,2.611,365.883
1058,5,20121,Milano,Lombardia,52.35,9,471.15,10,2025-09-21,12,1,left at door,4.925,424.03499999999997
1059,74,80121,Napoli,Campania,8.51,6,51.06,0,2025-09-10,13,1,left at door,3.332,51.06
1060,67,10121,Torino,Piemonte,84.14,5,420.7,5,2025-09-14,14,1,fragile - handle with care,2.138,399.66499999999996
1061,24,10121,Torino,Piemonte,9.91,9,89.19,0,2025-05-09,7,0,fragile - handle with care,3.874,89.19
1062,63,20121,Milano,Lombardia,83.62,9,752.58,0,2025-08-23,7,0,fragile - handle with care,5.266,752.58
1063,43,00100,Roma,Lazio,82.21,8,657.68,5,2025-07-16,9,1,none,3.249,624.7959999999999
1064,20,10121,Torino,Piemonte,92.78,2,185.56,10,2025-09-28,8,1,none,1.119,167.00400000000002
1065,35,40121,Bologna,Emilia,68.12,9,613.08,0,2025-12-03,8,1,left at door,4.944,613.08
1066,21,10121,Torino,Piemonte,20.26,8,162.08,5,2025-02-11,1,0,fragile - handle with care,4.325,153.976
1067,64,40121,Bologna,Emilia,46.98,9,422.82,10,2025-07-05,1,0,fragile - handle with care,3.661,380.538
1068,48,20121,Milano,Lombardia,46.75,4,187.0,5,2025-01-24,6,0,fragile - handle with care,2.353,177.65
1069,7,40121,Bologna,Emilia,65.07,7,455.49,0,2025-06-03,14,1,none,3.088,455.49
1070,39,40121,Bologna,Emilia,41.21,8,329.68,10,2025-01-18,5,0,left at door,4.596,296.712
1071,30,80121,Napoli,Campania,69.19,3,207.57,5,2025-08-29,3,0,call before delivery,1.5,197.1915
1072,66,10121,Torino,Piemonte,24.37,8,194.96,5,2025-06-03,11,1,fragile - handle with care,3.721,185.21200000000002
1073,35,00100,Roma,Lazio,38.57,6,231.42,10,2025-06-19,8,1,none,2.61,208.278
1074,70,40121,Bologna,Emilia,56.61,9,509.49,10,2025-10-27,9,1,call before delivery,3.621,458.541
1075,48,10121,Torino,Piemonte,45.63,4,182.52,10,2025-02-04,10,1,none,1.787,164.268
1076,25,80121,Napoli,Campania,16.64,4,66.56,10,2025-07-23,10,1,call before delivery,1.693,59.904
1077,72,10121,Torino,Piemonte,96.75,8,774.0,5,2025-05-19,12,1,left at door,3.211,735.3
1078,52,20121,Milano,Lombardia,70.67,1,70.67,10,2025-04-25,8,1,left at door,0.533,63.603
1079,24,00100,Roma,Lazio,84.14,2,168.28,10,2025-02-19,8,1,call before delivery,1.191,151.452
1080,18,10121,Torino,Piemonte,38.96,2,77.92,0,2025-02-06,14,1,none,1.006,77.92
1081,28,40121,Bologna,Emilia,94.77,5,473.85,0,2025-11-30,9,1,left at door,2.82,473.85
1082,20,40121,Bologna,Emilia,82.18,4,328.72,5,2025-02-16,4,0,call before delivery,2.376,312.28400000000005
1083,54,80121,Napoli,Campania,98.05,8,784.4,0,2025-09-28,12,1,none,3.329,784.4
1084,3,20121,Milano,Lombardia,23.75,9,213.75,10,2025-04-24,11,1,left at door,4.366,192.375
1085,17,10121,Torino,Piemonte,50.33,5,251.65,0,2025-06-10,10,1,fragile - handle with care,2.422,251.65
1086,53,80121,Napoli,Campania,41.66,6,249.96,5,2025-08-22,5,0,none,2.699,237.46200000000002
1087,41,20121,Milano,Lombardia,63.32,6,379.92,10,2025-01-26,10,1,left at door,3.261,341.928
1088,64,20121,Milano,Lombardia,28.77,4,115.08,5,2025-03-21,12,1,call before delivery,2.043,109.326
1089,26,80121,Napoli,Campania,14.54,1,14.54,5,2025-02-11,12,1,call before delivery,0.434,13.812999999999999
1090,40,10121,Torino,Piemonte,50.28,8,402.24,0,2025-01-11,8,1,none,4.713,402.24
1091,50,10121,Torino,Piemonte,65.75,3,197.25,10,2025-04-06,2,0,call before delivery,1.272,177.525
1092,62,40121,Bologna,Emilia,41.48,7,290.36,10,2025-05-05,8,1,left at door,2.87,261.324
1093,46,10121,Torino,Piemonte,98.81,9,889.29,10,2025-07-11,8,1,none,4.961,800.361
1094,79,80121,Napoli,Campania,43.57,6,261.42,10,2025-06-19,10,1,call before delivery,2.913,235.27800000000002
1095,55,40121,Bologna,Emilia,33.48,6,200.88,5,2025-02-08,1,0,none,3.183,190.83599999999998
1096,12,00100,Roma,Lazio,82.32,7,576.24,10,2025-04-24,14,1,left at door,2.841,518.616
1097,34,00100,Roma,Lazio,49.34,4,197.36,10,2025-05-13,3,0,none,1.664,177.62400000000002
1098,7,10121,Torino,Piemonte,30.96,7,216.72,5,2025-03-07,12,1,call before delivery,3.198,205.88400000000001
1099,19,80121,Napoli,Campania,32.22,5,161.1,5,2025-03-08,1,0,left at door,2.328,153.045
1100,31,00100,Roma,Lazio,94.98,8,759.84,5,2025-05-15,14,1,call before delivery,4.045,721.8480000000001
1101,2,40121,Bologna,Emilia,96.36,7,674.52,0,2025-02-07,13,1,call before delivery,3.245,674.52
1102,77,40121,Bologna,Emilia,66.39,6,398.34,10,2025-02-01,8,1,call before delivery,2.678,358.506
1103,48,40121,Bologna,Emilia,31.48,8,251.84,0,2025-02-14,5,0,call before delivery,4.722,251.84
1104,35,80121,Napoli,Campania,72.58,1,72.58,5,2025-09-05,7,0,left at door,0.427,68.951
1105,18,00100,Roma,Lazio,25.59,8,204.72,5,2025-02-14,8,1,call before delivery,4.004,194.484
1106,6,10121,Torino,Piemonte,35.6,9,320.4,10,2025-04-25,3,0,call before delivery,4.003,288.35999999999996
1107,1,80121,Napoli,Campania,56.46,3,169.38,5,2025-10-31,12,1,none,1.687,160.911
1108,75,20121,Milano,Lombardia,43.11,6,258.66,5,2025-11-14,9,1,none,3.143,245.72700000000003
1109,30,00100,Roma,Lazio,38.35,3,115.05,5,2025-03-07,10,1,call before delivery,1.572,109.2975
1110,58,10121,Torino,Piemonte,97.54,5,487.7,5,2025-11-03,2,0,call before delivery,2.435,463.315
1111,22,00100,Roma,Lazio,21.17,6,127.02,5,2025-02-10,13,1,none,2.95,120.669
1112,79,20121,Milano,Lombardia,63.31,9,569.79,0,2025-07-04,8,1,left at door,5.386,569.79
1113,54,80121,Napoli,Campania,8.66,5,43.3,0,2025-10-31,7,0,fragile - handle with care,2.425,43.3
1114,44,40121,Bologna,Emilia,13.71,6,82.26,5,2025-05-11,1,0,fragile - handle with care,3.189,78.147
1115,24,80121,Napoli,Campania,24.95,6,149.7,10,2025-12-17,10,1,call before delivery,2.506,134.73
1116,45,80121,Napoli,Campania,99.21,9,892.89,5,2025-06-26,12,1,call before delivery,4.544,848.2455
1117,30,80121,Napoli,Campania,74.01,2,148.02,10,2025-09-25,13,1,left at door,1.102,133.21800000000002
1118,69,20121,Milano,Lombardia,87.46,2,174.92,5,2025-11-06,3,0,left at door,0.988,166.17399999999998
1119,58,10121,Torino,Piemonte,9.7,3,29.1,5,2025-01-27,2,0,none,1.636,27.645000000000003
1120,44,40121,Bologna,Emilia,69.74,4,278.96,0,2025-03-13,4,0,fragile - handle with care,2.131,278.96
1121,54,20121,Milano,Lombardia,46.79,7,327.53,10,2025-02-19,7,0,call before delivery,2.954,294.777
1122,55,80121,Napoli,Campania,44.56,1,44.56,10,2025-06-11,2,0,none,0.495,40.104
1123,13,00100,Roma,Lazio,72.28,4,289.12,0,2025-02-23,2,0,left at door,1.625,289.12
1124,75,80121,Napoli,Campania,34.29,1,34.29,10,2025-07-04,6,0,fragile - handle with care,0.418,30.861
1125,47,40121,Bologna,Emilia,53.78,7,376.46,10,2025-02-05,8,1,call before delivery,3.743,338.81399999999996
1126,17,20121,Milano,Lombardia,29.77,4,119.08,0,2025-07-11,1,0,left at door,1.776,119.08
1127,74,40121,Bologna,Emilia,42.18,1,42.18,5,2025-06-25,5,0,left at door,0.41,40.071
1128,35,10121,Torino,Piemonte,55.67,7,389.69,0,2025-10-28,8,1,none,3.456,389.69
1129,72,80121,Napoli,Campania,20.0,9,180.0,5,2025-01-21,12,1,call before delivery,4.857,171.0
1130,34,80121,Napoli,Campania,31.24,4,124.96,0,2025-05-05,9,1,left at door,1.824,124.96
1131,68,20121,Milano,Lombardia,44.94,2,89.88,5,2025-10-18,7,0,none,0.876,85.386
1132,51,10121,Torino,Piemonte,49.91,6,299.46,10,2025-12-18,2,0,left at door,2.677,269.514
1133,23,20121,Milano,Lombardia,81.0,5,405.0,0,2025-05-30,3,0,call before delivery,2.023,405.0
1134,25,40121,Bologna,Emilia,66.08,1,66.08,0,2025-07-16,7,0,fragile - handle with care,0.408,66.08
1135,76,40121,Bologna,Emilia,58.44,9,525.96,5,2025-03-13,13,1,call before delivery,4.432,499.66200000000003
1136,46,80121,Napoli,Campania,87.64,2,175.28,0,2025-07-17,11,1,left at door,0.886,175.28
1137,16,80121,Napoli,Campania,23.75,3,71.25,0,2025-02-03,6,0,call before delivery,1.457,71.25
1138,41,80121,Napoli,Campania,14.89,4,59.56,0,2025-02-13,8,1,left at door,2.331,59.56
1139,32,80121,Napoli,Campania,42.4,3,127.2,5,2025-07-27,1,0,fragile - handle with care,1.683,120.84
1140,46,80121,Napoli,Campania,18.03,6,108.18,5,2025-07-01,7,0,call before delivery,3.392,102.771
1141,10,00100,Roma,Lazio,57.82,9,520.38,5,2025-10-12,4,0,call before delivery,5.272,494.361
1142,69,00100,Roma,Lazio,59.5,7,416.5,5,2025-01-05,12,1,fragile - handle with care,3.734,395.675
1143,45,10121,Torino,Piemonte,17.5,9,157.5,10,2025-08-01,6,0,call before delivery,4.388,141.75
1144,71,20121,Milano,Lombardia,73.03,5,365.15,10,2025-07-31,4,0,none,2.073,328.635
1145,58,80121,Napoli,Campania,57.87,5,289.35,0,2025-03-28,1,0,none,2.722,289.35
1146,23,40121,Bologna,Emilia,45.2,4,180.8,10,2025-07-03,7,0,call before delivery,1.689,162.72000000000003
1147,55,10121,Torino,Piemonte,92.16,1,92.16,0,2025-10-21,2,0,call before delivery,0.461,92.16
1148,37,10121,Torino,Piemonte,86.31,7,604.17,5,2025-03-04,6,0,fragile - handle with care,3.193,573.9615
1149,1,10121,Torino,Piemonte,25.99,6,155.94,5,2025-07-07,5,0,none,3.525,148.143
1150,73,80121,Napoli,Campania,20.83,1,20.83,5,2025-09-11,6,0,none,0.573,19.7885
1151,78,00100,Roma,Lazio,91.98,3,275.94,0,2025-08-02,5,0,call before delivery,1.353,275.94
1152,78,10121,Torino,Piemonte,19.94,1,19.94,5,2025-08-23,2,0,call before delivery,0.475,18.943
1153,25,40121,Bologna,Emilia,76.93,2,153.86,5,2025-11-28,7,0,call before delivery,0.991,146.167
1154,7,10121,Torino,Piemonte,34.69,7,242.83,0,2025-11-01,9,1,fragile - handle with care,2.867,242.83
1155,59,80121,Napoli,Campania,39.31,9,353.79,0,2025-09-04,5,0,left at door,3.635,353.79
1156,10,80121,Napoli,Campania,57.6,7,403.2,0,2025-11-25,2,0,call before delivery,3.597,403.2
1157,74,80121,Napoli,Campania,92.97,6,557.82,10,2025-02-12,5,0,left at door,3.0,502.038
1158,51,10121,Torino,Piemonte,5.2,9,46.8,5,2025-11-16,1,0,fragile - handle with care,4.733,44.459999999999994
1159,62,80121,Napoli,Campania,20.42,4,81.68,0,2025-09-11,7,0,fragile - handle with care,2.303,81.68
1160,64,00100,Roma,Lazio,73.42,4,293.68,10,2025-03-16,12,1,fragile - handle with care,1.711,264.312
1161,42,40121,Bologna,Emilia,42.47,1,42.47,5,2025-04-16,5,0,call before delivery,0.579,40.3465
1162,32,20121,Milano,Lombardia,32.34,5,161.7,5,2025-10-27,10,1,none,2.21,153.61499999999998
1163,43,20121,Milano,Lombardia,96.48,4,385.92,10,2025-10-16,11,1,left at door,2.338,347.32800000000003
1164,79,40121,Bologna,Emilia,30.08,5,150.4,0,2025-01-03,13,1,none,2.159,150.4
1165,12,40121,Bologna,Emilia,72.85,8,582.8,10,2025-07-25,11,1,fragile - handle with care,3.839,524.52
1166,34,80121,Napoli,Campania,96.6,2,193.2,0,2025-06-25,14,1,fragile - handle with care,1.095,193.2
1167,31,20121,Milano,Lombardia,77.46,3,232.38,0,2025-07-17,1,0,fragile - handle with care,1.32,232.38
1168,59,80121,Napoli,Campania,72.39,2,144.78,0,2025-11-08,2,0,fragile - handle with care,0.847,144.78
1169,65,80121,Napoli,Campania,73.7,3,221.1,5,2025-02-21,3,0,fragile - handle with care,1.361,210.045
1170,24,20121,Milano,Lombardia,81.5,4,326.0,0,2025-12-25,2,0,fragile - handle with care,1.869,326.0
1171,54,00100,Roma,Lazio,30.77,6,184.62,10,2025-01-10,2,0,left at door,3.463,166.15800000000002
1172,22,40121,Bologna,Emilia,64.54,6,387.24,10,2025-10-24,2,0,call before delivery,2.701,348.516
1173,53,80121,Napoli,Campania,81.27,3,243.81,0,2025-12-22,5,0,call before delivery,1.609,243.81
1174,72,10121,Torino,Piemonte,89.38,3,268.14,10,2025-04-23,8,1,left at door,1.701,241.326
1175,54,00100,Roma,Lazio,91.05,6,546.3,10,2025-01-12,5,0,fragile - handle with care,2.416,491.66999999999996
1176,22,00100,Roma,Lazio,90.87,7,636.09,0,2025-10-23,1,0,fragile - handle with care,3.183,636.09
1177,28,20121,Milano,Lombardia,14.28,7,99.96,10,2025-01-19,11,1,call before delivery,4.064,89.964
1178,71,40121,Bologna,Emilia,40.76,4,163.04,0,2025-02-01,8,1,none,2.065,163.04
1179,78,20121,Milano,Lombardia,48.36,3,145.08,10,2025-06-17,11,1,call before delivery,1.302,130.572
1180,63,00100,Roma,Lazio,89.71,2,179.42,10,2025-03-03,13,1,call before delivery,0.997,161.47799999999998
1181,27,40121,Bologna,Emilia,44.83,5,224.15,5,2025-12-09,13,1,none,2.4,212.9425
1182,33,40121,Bologna,Emilia,30.17,6,181.02,0,2025-11-22,7,0,left at door,3.403,181.02
1183,15,00100,Roma,Lazio,6.89,6,41.34,5,2025-07-17,10,1,left at door,3.351,39.273
1184,23,10121,Torino,Piemonte,32.43,8,259.44,5,2025-11-25,4,0,none,3.719,246.468
1185,53,20121,Milano,Lombardia,79.17,4,316.68,5,2025-12-29,9,1,left at door,2.386,300.846
1186,14,10121,Torino,Piemonte,6.92,5,34.6,10,2025-10-05,11,1,none,2.048,31.14
1187,14,00100,Roma,Lazio,20.67,3,62.01,5,2025-09-19,14,1,none,1.746,58.909499999999994
1188,72,40121,Bologna,Emilia,34.54,4,138.16,0,2025-10-08,5,0,left at door,1.678,138.16
1189,78,20121,Milano,Lombardia,55.54,2,111.08,0,2025-10-27,9,1,none,1.022,111.08
1190,72,10121,Torino,Piemonte,39.49,5,197.45,5,2025-09-26,3,0,none,2.419,187.5775
1191,46,10121,Torino,Piemonte,88.85,6,533.1,5,2025-10-27,6,0,left at door,3.388,506.44500000000005
1192,5,40121,Bologna,Emilia,24.71,1,24.71,5,2025-02-16,13,1,left at door,0.496,23.4745
1193,10,00100,Roma,Lazio,58.36,9,525.24,5,2025-12-11,5,0,left at door,4.107,498.978
1194,46,20121,Milano,Lombardia,78.89,1,78.89,10,2025-11-30,7,0,fragile - handle with care,0.543,71.001
1195,2,40121,Bologna,Emilia,93.31,1,93.31,5,2025-12-20,1,0,none,0.476,88.64450000000001
1196,11,40121,Bologna,Emilia,87.98,1,87.98,10,2025-01-18,1,0,call before delivery,0.485,79.182
1197,48,20121,Milano,Lombardia,17.87,8,142.96,10,2025-04-30,14,1,fragile - handle with care,4.506,128.66400000000002
1198,28,00100,Roma,Lazio,80.22,7,561.54,0,2025-06-26,4,0,left at door,3.299,561.54
1199,4,40121,Bologna,Emilia,69.16,9,622.44,5,2025-09-16,11,1,left at door,4.554,591.3180000000001
1200,65,10121,Torino,Piemonte,45.05,6,270.3,0,2025-02-02,3,0,fragile - handle with care,3.37,270.3
1201,5,40121,Bologna,Emilia,7.43,5,37.15,0,2025-07-05,6,0,left at door,2.827,37.15
1202,11,00100,Roma,Lazio,20.96,4,83.84,5,2025-10-20,2,0,left at door,2.147,79.648
1203,33,10121,Torino,Piemonte,76.2,9,685.8,10,2025-12-24,13,1,fragile - handle with care,4.878,617.2199999999999
1204,47,80121,Napoli,Campania,12.98,6,77.88,5,2025-05-11,12,1,left at door,2.514,73.98599999999999
1205,36,80121,Napoli,Campania,34.7,7,242.9,10,2025-08-04,11,1,left at door,3.563,218.61
1206,19,20121,Milano,Lombardia,29.25,4,117.0,5,2025-10-25,13,1,fragile - handle with care,2.078,111.15
1207,66,40121,Bologna,Emilia,75.88,5,379.4,0,2025-05-27,7,0,none,2.141,379.4
1208,75,00100,Roma,Lazio,39.11,8,312.88,10,2025-08-07,1,0,left at door,4.621,281.592
1209,11,80121,Napoli,Campania,13.28,5,66.4,5,2025-01-13,14,1,none,2.676,63.080000000000005
1210,79,20121,Milano,Lombardia,40.19,7,281.33,5,2025-07-15,4,0,none,2.944,267.26349999999996
1211,69,20121,Milano,Lombardia,36.05,5,180.25,5,2025-09-24,13,1,fragile - handle with care,2.122,171.2375
1212,11,80121,Napoli,Campania,73.12,7,511.84,0,2025-09-22,11,1,call before delivery,2.945,511.84
1213,32,10121,Torino,Piemonte,35.41,7,247.87,10,2025-01-05,7,0,none,3.003,223.083
1214,57,80121,Napoli,Campania,70.89,6,425.34,0,2025-03-30,2,0,left at door,3.108,425.34
1215,68,00100,Roma,Lazio,56.17,3,168.51,0,2025-08-25,6,0,call before delivery,1.259,168.51
1216,26,40121,Bologna,Emilia,89.33,3,267.99,0,2025-07-31,12,1,fragile - handle with care,1.445,267.99
1217,12,80121,Napoli,Campania,74.67,7,522.69,10,2025-04-07,3,0,left at door,3.204,470.42100000000005
1218,59,00100,Roma,Lazio,43.75,2,87.5,10,2025-10-16,9,1,left at door,1.061,78.75
1219,4,20121,Milano,Lombardia,51.07,5,255.35,10,2025-09-04,2,0,fragile - handle with care,2.712,229.815
1220,17,00100,Roma,Lazio,49.78,5,248.9,10,2025-02-09,14,1,none,2.638,224.01
1221,35,20121,Milano,Lombardia,87.81,7,614.67,0,2025-12-29,6,0,left at door,3.634,614.67
1222,62,20121,Milano,Lombardia,18.11,1,18.11,10,2025-02-11,14,1,call before delivery,0.511,16.299
1223,18,00100,Roma,Lazio,45.3,9,407.7,5,2025-05-08,4,0,fragile - handle with care,4.982,387.315
1224,59,80121,Napoli,Campania,55.82,4,223.28,10,2025-12-27,1,0,fragile - handle with care,2.001,200.952
1225,38,20121,Milano,Lombardia,46.44,3,139.32,0,2025-07-23,1,0,left at door,1.328,139.32
1226,51,80121,Napoli,Campania,61.81,7,432.67,10,2025-03-23,5,0,none,2.953,389.403
1227,65,40121,Bologna,Emilia,52.39,4,209.56,0,2025-07-23,11,1,call before delivery,2.08,209.56
1228,46,00100,Roma,Lazio,44.3,2,88.6,10,2025-04-18,7,0,fragile - handle with care,1.122,79.74
1229,70,40121,Bologna,Emilia,70.25,3,210.75,10,2025-03-01,14,1,fragile - handle with care,1.631,189.675
1230,39,40121,Bologna,Emilia,36.29,5,181.45,5,2025-02-10,10,1,none,2.708,172.3775
1231,7,00100,Roma,Lazio,62.66,1,62.66,10,2025-09-27,10,1,none,0.555,56.394
1232,76,00100,Roma,Lazio,74.21,5,371.05,10,2025-01-18,10,1,none,2.081,333.945
1233,21,20121,Milano,Lombardia,17.41,6,104.46,5,2025-09-14,13,1,left at door,3.421,99.237
1234,59,00100,Roma,Lazio,36.01,4,144.04,10,2025-03-23,6,0,fragile - handle with care,1.625,129.636
1235,25,10121,Torino,Piemonte,94.75,6,568.5,5,2025-10-09,13,1,call before delivery,3.071,540.075
1236,11,10121,Torino,Piemonte,96.77,6,580.62,5,2025-04-13,1,0,fragile - handle with care,2.899,551.589
1237,14,40121,Bologna,Emilia,99.28,9,893.52,10,2025-03-22,10,1,none,3.837,804.168
1238,58,10121,Torino,Piemonte,9.04,6,54.24,10,2025-10-26,7,0,fragile - handle with care,3.088,48.816
1239,37,10121,Torino,Piemonte,83.52,6,501.12,5,2025-01-25,8,1,left at door,2.538,476.064
1240,46,20121,Milano,Lombardia,93.85,6,563.1,5,2025-07-26,12,1,none,2.461,534.945
1241,5,10121,Torino,Piemonte,90.68,4,362.72,5,2025-05-24,6,0,call before delivery,2.169,344.584
1242,20,10121,Torino,Piemonte,72.92,1,72.92,10,2025-03-02,6,0,fragile - handle with care,0.578,65.628
1243,16,80121,Napoli,Campania,69.18,9,622.62,0,2025-02-12,7,0,fragile - handle with care,4.393,622.62
1244,73,40121,Bologna,Emilia,73.36,4,293.44,0,2025-11-02,7,0,left at door,2.245,293.44
1245,6,40121,Bologna,Emilia,59.61,1,59.61,5,2025-04-12,5,0,call before delivery,0.591,56.6295
1246,60,10121,Torino,Piemonte,79.9,2,159.8,10,2025-09-24,12,1,fragile - handle with care,1.092,143.82000000000002
1247,37,20121,Milano,Lombardia,52.68,3,158.04,0,2025-01-07,3,0,none,1.453,158.04
1248,41,20121,Milano,Lombardia,26.46,7,185.22,10,2025-08-06,13,1,fragile - handle with care,4.121,166.698
1249,75,10121,Torino,Piemonte,13.96,7,97.72,5,2025-05-27,7,0,call before delivery,3.146,92.834
1250,26,10121,Torino,Piemonte,91.28,8,730.24,10,2025-03-16,9,1,left at door,3.582,657.216
1251,13,20121,Milano,Lombardia,76.71,2,153.42,5,2025-05-12,10,1,call before delivery,1.068,145.749
1252,43,00100,Roma,Lazio,21.84,5,109.2,10,2025-01-25,7,0,none,2.825,98.28
1253,71,00100,Roma,Lazio,83.13,4,332.52,0,2025-04-30,9,1,left at door,1.809,332.52
1254,76,00100,Roma,Lazio,33.53,3,100.59,5,2025-05-16,5,0,none,1.388,95.5605
1255,25,20121,Milano,Lombardia,65.39,8,523.12,5,2025-05-21,11,1,call before delivery,3.244,496.964
1256,51,10121,Torino,Piemonte,38.83,7,271.81,5,2025-03-31,8,1,call before delivery,2.933,258.2195
1257,60,20121,Milano,Lombardia,25.35,4,101.4,10,2025-01-15,5,0,none,1.864,91.26
1258,19,00100,Roma,Lazio,21.68,1,21.68,0,2025-10-08,1,0,none,0.419,21.68
1259,67,20121,Milano,Lombardia,11.74,3,35.22,5,2025-06-08,1,0,none,1.213,33.458999999999996
1260,15,40121,Bologna,Emilia,12.07,5,60.35,5,2025-10-23,8,1,none,2.771,57.3325
1261,48,20121,Milano,Lombardia,11.56,9,104.04,5,2025-08-27,3,0,left at door,5.19,98.83800000000001
1262,58,80121,Napoli,Campania,13.54,8,108.32,5,2025-12-05,7,0,none,3.418,102.904
1263,57,10121,Torino,Piemonte,84.23,1,84.23,5,2025-04-29,5,0,left at door,0.469,80.0185
1264,22,00100,Roma,Lazio,54.19,1,54.19,0,2025-01-21,1,0,left at door,0.403,54.19
1265,50,80121,Napoli,Campania,17.22,8,137.76,0,2025-07-26,8,1,left at door,3.873,137.76
1266,69,80121,Napoli,Campania,54.87,4,219.48,5,2025-01-19,12,1,fragile - handle with care,1.696,208.506
1267,74,40121,Bologna,Emilia,56.55,3,169.65,10,2025-10-20,6,0,none,1.541,152.685
1268,2,00100,Roma,Lazio,52.18,8,417.44,0,2025-12-03,2,0,left at door,4.284,417.44
1269,62,40121,Bologna,Emilia,24.62,2,49.24,10,2025-07-11,10,1,call before delivery,1.086,44.316
1270,60,40121,Bologna,Emilia,46.27,7,323.89,10,2025-11-20,7,0,call before delivery,2.946,291.501
1271,34,40121,Bologna,Emilia,87.73,5,438.65,0,2025-12-05,4,0,call before delivery,2.799,438.65
1272,76,40121,Bologna,Emilia,41.45,2,82.9,5,2025-09-17,7,0,call before delivery,1.135,78.75500000000001
1273,23,10121,Torino,Piemonte,52.88,5,264.4,10,2025-10-09,7,0,fragile - handle with care,2.271,237.95999999999998
1274,33,20121,Milano,Lombardia,93.37,8,746.96,0,2025-12-16,5,0,fragile - handle with care,4.758,746.96
1275,13,80121,Napoli,Campania,27.12,9,244.08,5,2025-07-23,1,0,call before delivery,4.208,231.876
1276,25,80121,Napoli,Campania,73.92,6,443.52,10,2025-02-01,13,1,call before delivery,2.709,399.168
1277,41,40121,Bologna,Emilia,50.96,7,356.72,10,2025-01-31,10,1,call before delivery,3.022,321.048
1278,27,20121,Milano,Lombardia,79.8,3,239.4,10,2025-05-30,6,0,call before delivery,1.777,215.46
1279,19,10121,Torino,Piemonte,39.17,5,195.85,10,2025-06-21,13,1,fragile - handle with care,2.985,176.265
1280,66,10121,Torino,Piemonte,56.52,3,169.56,5,2025-12-10,8,1,none,1.67,161.082
1281,19,00100,Roma,Lazio,39.99,6,239.94,0,2025-01-13,13,1,none,2.76,239.94
1282,15,00100,Roma,Lazio,87.28,4,349.12,10,2025-05-16,6,0,left at door,1.749,314.208
1283,70,10121,Torino,Piemonte,91.91,3,275.73,0,2025-12-15,13,1,left at door,1.69,275.73
1284,78,10121,Torino,Piemonte,65.02,2,130.04,5,2025-06-06,7,0,left at door,1.128,123.538
1285,56,20121,Milano,Lombardia,98.2,9,883.8,5,2025-01-17,3,0,left at door,4.845,839.6099999999999
1286,40,20121,Milano,Lombardia,74.55,6,447.3,10,2025-08-08,4,0,fragile - handle with care,2.417,402.57
1287,43,00100,Roma,Lazio,83.89,4,335.56,0,2025-03-17,14,1,left at door,1.672,335.56
1288,36,80121,Napoli,Campania,90.0,3,270.0,10,2025-03-24,8,1,fragile - handle with care,1.543,243.0
1289,67,10121,Torino,Piemonte,30.83,8,246.64,5,2025-03-08,8,1,none,3.263,234.308
1290,15,20121,Milano,Lombardia,98.73,2,197.46,0,2025-07-04,13,1,fragile - handle with care,1.127,197.46
1291,42,40121,Bologna,Emilia,42.09,6,252.54,0,2025-11-11,3,0,fragile - handle with care,3.573,252.54
1292,57,80121,Napoli,Campania,52.24,5,261.2,0,2025-09-15,6,0,none,2.978,261.2
1293,32,20121,Milano,Lombardia,22.13,9,199.17,10,2025-11-28,2,0,none,5.093,179.253
1294,44,80121,Napoli,Campania,83.04,8,664.32,0,2025-12-10,3,0,call before delivery,3.262,664.32
1295,55,40121,Bologna,Emilia,37.01,4,148.04,10,2025-09-23,1,0,left at door,1.691,133.236
1296,78,40121,Bologna,Emilia,70.49,6,422.94,5,2025-03-14,10,1,call before delivery,3.575,401.793
1297,49,10121,Torino,Piemonte,25.74,4,102.96,0,2025-11-08,9,1,none,2.034,102.96
1298,78,80121,Napoli,Campania,38.38,1,38.38,0,2025-01-09,11,1,none,0.422,38.38
1299,17,00100,Roma,Lazio,41.5,4,166.0,10,2025-04-06,9,1,call before delivery,1.604,149.4
1300,59,00100,Roma,Lazio,27.48,6,164.88,5,2025-11-25,9,1,none,2.538,156.636
1301,26,80121,Napoli,Campania,8.33,8,66.64,10,2025-11-23,12,1,fragile - handle with care,4.606,59.976
1302,23,10121,Torino,Piemonte,78.17,9,703.53,0,2025-03-25,6,0,none,4.139,703.53
1303,45,10121,Torino,Piemonte,95.28,9,857.52,0,2025-02-06,10,1,left at door,4.943,857.52
1304,24,40121,Bologna,Emilia,26.49,1,26.49,0,2025-11-26,13,1,fragile - handle with care,0.587,26.49
1305,18,20121,Milano,Lombardia,20.45,8,163.6,5,2025-04-23,8,1,fragile - handle with care,3.768,155.42
1306,52,40121,Bologna,Emilia,38.02,2,76.04,0,2025-04-19,12,1,left at door,1.173,76.04
1307,73,80121,Napoli,Campania,12.86,5,64.3,0,2025-11-10,3,0,none,2.882,64.3
1308,14,80121,Napoli,Campania,66.72,5,333.6,0,2025-10-09,12,1,left at door,2.122,333.6
1309,4,00100,Roma,Lazio,40.01,8,320.08,5,2025-09-10,11,1,left at door,3.405,304.07599999999996
1310,27,80121,Napoli,Campania,58.44,7,409.08,10,2025-06-10,11,1,fragile - handle with care,4.062,368.17199999999997
1311,70,40121,Bologna,Emilia,91.06,7,637.42,0,2025-12-07,1,0,none,3.973,637.42
1312,2,40121,Bologna,Emilia,86.85,9,781.65,0,2025-12-03,7,0,call before delivery,5.084,781.65
1313,78,00100,Roma,Lazio,92.56,5,462.8,5,2025-11-06,10,1,none,2.667,439.66
1314,38,80121,Napoli,Campania,93.83,2,187.66,5,2025-12-14,3,0,none,1.183,178.277
1315,49,20121,Milano,Lombardia,61.03,2,122.06,0,2025-03-19,3,0,fragile - handle with care,0.969,122.06
1316,33,80121,Napoli,Campania,52.72,8,421.76,10,2025-07-20,12,1,left at door,4.51,379.584
1317,17,20121,Milano,Lombardia,8.57,3,25.71,0,2025-06-02,3,0,none,1.665,25.71
1318,52,00100,Roma,Lazio,14.73,4,58.92,10,2025-10-26,4,0,left at door,1.949,53.028
1319,64,80121,Napoli,Campania,54.77,7,383.39,10,2025-12-27,13,1,call before delivery,3.209,345.051
1320,12,10121,Torino,Piemonte,86.32,4,345.28,10,2025-10-04,3,0,none,1.692,310.75199999999995
1321,35,20121,Milano,Lombardia,46.1,2,92.2,10,2025-09-14,13,1,left at door,1.181,82.98
1322,46,80121,Napoli,Campania,5.35,4,21.4,10,2025-10-29,8,1,none,2.255,19.259999999999998
1323,57,80121,Napoli,Campania,25.17,6,151.02,10,2025-10-17,11,1,call before delivery,3.292,135.918
1324,68,00100,Roma,Lazio,77.2,6,463.2,0,2025-07-04,5,0,fragile - handle with care,2.702,463.2
1325,26,40121,Bologna,Emilia,20.05,8,160.4,10,2025-01-31,4,0,left at door,4.512,144.36
1326,69,80121,Napoli,Campania,23.96,3,71.88,0,2025-05-23,1,0,left at door,1.318,71.88
1327,18,40121,Bologna,Emilia,32.13,6,192.78,0,2025-12-15,7,0,call before delivery,3.162,192.78
1328,31,40121,Bologna,Emilia,62.88,8,503.04,10,2025-03-31,4,0,none,3.459,452.736
1329,76,10121,Torino,Piemonte,84.46,6,506.76,0,2025-07-20,5,0,none,2.943,506.76
1330,61,10121,Torino,Piemonte,25.8,7,180.6,0,2025-09-29,13,1,left at door,3.655,180.6
1331,6,20121,Milano,Lombardia,61.95,3,185.85,0,2025-02-26,2,0,left at door,1.631,185.85
1332,33,00100,Roma,Lazio,55.34,8,442.72,10,2025-11-28,3,0,fragile - handle with care,4.668,398.44800000000004
1333,5,20121,Milano,Lombardia,47.26,2,94.52,10,2025-07-29,4,0,left at door,1.183,85.068
1334,34,40121,Bologna,Emilia,60.14,7,420.98,5,2025-08-15,3,0,none,3.865,399.93100000000004
1335,62,80121,Napoli,Campania,82.34,1,82.34,10,2025-12-01,1,0,none,0.409,74.106
1336,11,80121,Napoli,Campania,25.66,4,102.64,5,2025-07-29,7,0,left at door,1.91,97.508
1337,62,20121,Milano,Lombardia,52.24,1,52.24,10,2025-07-18,14,1,none,0.545,47.016000000000005
1338,64,00100,Roma,Lazio,14.3,4,57.2,0,2025-01-11,13,1,none,2.295,57.2
1339,25,80121,Napoli,Campania,53.76,3,161.28,5,2025-12-29,4,0,call before delivery,1.213,153.216
1340,2,40121,Bologna,Emilia,80.15,3,240.45,0,2025-01-03,2,0,fragile - handle with care,1.44,240.45
1341,30,40121,Bologna,Emilia,99.86,6,599.16,5,2025-12-05,6,0,left at door,3.522,569.202
1342,30,80121,Napoli,Campania,50.19,6,301.14,10,2025-10-02,1,0,none,3.513,271.026
1343,55,20121,Milano,Lombardia,33.18,4,132.72,10,2025-07-01,4,0,none,2.307,119.448
1344,75,80121,Napoli,Campania,60.05,1,60.05,0,2025-02-08,3,0,fragile - handle with care,0.431,60.05
1345,48,40121,Bologna,Emilia,40.32,2,80.64,5,2025-12-19,10,1,left at door,0.929,76.608
1346,32,40121,Bologna,Emilia,16.12,5,80.6,10,2025-06-07,2,0,fragile - handle with care,2.928,72.53999999999999
1347,52,20121,Milano,Lombardia,54.83,3,164.49,0,2025-10-08,8,1,call before delivery,1.752,164.49
1348,13,20121,Milano,Lombardia,80.92,1,80.92,0,2025-05-08,9,1,call before delivery,0.593,80.92
1349,35,20121,Milano,Lombardia,89.66,5,448.3,5,2025-04-03,11,1,none,2.7,425.885
1350,34,40121,Bologna,Emilia,97.92,8,783.36,0,2025-07-05,6,0,fragile - handle with care,4.336,783.36
1351,78,10121,Torino,Piemonte,39.93,8,319.44,10,2025-02-05,1,0,fragile - handle with care,3.604,287.496
1352,17,00100,Roma,Lazio,28.91,1,28.91,10,2025-03-03,11,1,left at door,0.542,26.019
1353,12,00100,Roma,Lazio,15.53,6,93.18,10,2025-01-10,3,0,none,2.716,83.86200000000001
1354,49,00100,Roma,Lazio,46.44,2,92.88,10,2025-10-08,11,1,call before delivery,1.137,83.592
1355,50,10121,Torino,Piemonte,81.67,1,81.67,0,2025-07-10,9,1,call before delivery,0.521,81.67
1356,12,10121,Torino,Piemonte,27.29,5,136.45,5,2025-06-15,14,1,none,2.284,129.6275
1357,17,80121,Napoli,Campania,85.71,5,428.55,0,2025-10-03,9,1,fragile - handle with care,2.149,428.55
1358,35,40121,Bologna,Emilia,72.62,2,145.24,0,2025-05-27,6,0,none,0.85,145.24
1359,27,20121,Milano,Lombardia,24.09,2,48.18,0,2025-02-17,12,1,call before delivery,0.861,48.18
1360,5,10121,Torino,Piemonte,65.02,4,260.08,10,2025-08-23,3,0,fragile - handle with care,2.333,234.072
1361,24,40121,Bologna,Emilia,82.87,8,662.96,5,2025-03-15,2,0,none,3.79,629.812
1362,28,80121,Napoli,Campania,93.62,2,187.24,0,2025-07-11,10,1,call before delivery,1.027,187.24
1363,66,10121,Torino,Piemonte,20.41,8,163.28,10,2025-12-22,6,0,none,3.435,146.952
1364,44,40121,Bologna,Emilia,83.09,5,415.45,5,2025-06-15,5,0,left at door,2.897,394.6775
1365,46,20121,Milano,Lombardia,78.71,5,393.55,5,2025-10-22,6,0,none,2.992,373.8725
1366,41,10121,Torino,Piemonte,28.15,9,253.35,0,2025-09-21,1,0,fragile - handle with care,4.527,253.35
1367,27,80121,Napoli,Campania,32.99,7,230.93,0,2025-04-28,8,1,none,4.13,230.93
1368,52,20121,Milano,Lombardia,95.92,3,287.76,5,2025-03-29,7,0,fragile - handle with care,1.782,273.372
1369,43,00100,Roma,Lazio,39.39,7,275.73,10,2025-12-11,5,0,fragile - handle with care,3.746,248.157
1370,64,40121,Bologna,Emilia,32.45,7,227.15,5,2025-08-09,9,1,call before delivery,3.0,215.79250000000002
1371,37,20121,Milano,Lombardia,73.4,8,587.2,0,2025-06-24,11,1,left at door,4.256,587.2
1372,5,10121,Torino,Piemonte,17.63,5,88.15,10,2025-07-18,12,1,call before delivery,2.182,79.33500000000001
1373,43,80121,Napoli,Campania,50.9,3,152.7,5,2025-04-03,2,0,fragile - handle with care,1.737,145.065
1374,79,20121,Milano,Lombardia,39.02,6,234.12,5,2025-09-05,4,0,call before delivery,3.47,222.41400000000002
1375,19,20121,Milano,Lombardia,56.68,3,170.04,10,2025-05-06,1,0,left at door,1.308,153.036
1376,19,20121,Milano,Lombardia,62.31,6,373.86,0,2025-09-17,1,0,left at door,2.824,373.86
1377,30,80121,Napoli,Campania,65.81,7,460.67,10,2025-04-10,5,0,none,3.757,414.603
1378,74,20121,Milano,Lombardia,46.08,7,322.56,0,2025-06-18,7,0,none,3.136,322.56
1379,37,40121,Bologna,Emilia,89.26,9,803.34,0,2025-09-11,2,0,none,5.117,803.34
1380,77,20121,Milano,Lombardia,84.39,2,168.78,0,2025-02-22,4,0,call before delivery,1.003,168.78
1381,7,80121,Napoli,Campania,93.67,3,281.01,0,2025-05-17,6,0,fragile - handle with care,1.588,281.01
1382,76,40121,Bologna,Emilia,47.36,8,378.88,5,2025-01-24,12,1,left at door,3.928,359.936
1383,2,40121,Bologna,Emilia,74.36,6,446.16,5,2025-07-30,9,1,none,3.37,423.85200000000003
1384,76,10121,Torino,Piemonte,45.92,2,91.84,10,2025-08-08,13,1,fragile - handle with care,1.117,82.656
1385,47,20121,Milano,Lombardia,31.48,5,157.4,10,2025-08-15,2,0,none,2.804,141.66
1386,51,80121,Napoli,Campania,66.93,6,401.58,5,2025-07-22,4,0,left at door,2.838,381.501
1387,17,40121,Bologna,Emilia,94.87,4,379.48,10,2025-07-04,7,0,call before delivery,1.886,341.53200000000004
1388,73,20121,Milano,Lombardia,81.41,3,244.23,5,2025-08-11,14,1,fragile - handle with care,1.346,232.0185
1389,64,00100,Roma,Lazio,32.09,7,224.63,5,2025-06-15,8,1,fragile - handle with care,4.059,213.39849999999998
1390,18,00100,Roma,Lazio,26.67,9,240.03,5,2025-10-18,9,1,left at door,3.811,228.0285
1391,2,10121,Torino,Piemonte,78.31,2,156.62,5,2025-05-09,8,1,left at door,0.942,148.78900000000002
1392,68,10121,Torino,Piemonte,71.99,5,359.95,0,2025-03-31,10,1,fragile - handle with care,2.034,359.95
1393,18,20121,Milano,Lombardia,87.04,4,348.16,0,2025-03-27,1,0,left at door,2.125,348.16
1394,3,80121,Napoli,Campania,18.9,2,37.8,5,2025-01-07,10,1,none,1.184,35.91
1395,50,10121,Torino,Piemonte,86.86,4,347.44,5,2025-02-04,11,1,none,2.029,330.068
1396,20,40121,Bologna,Emilia,46.1,3,138.3,0,2025-08-10,11,1,call before delivery,1.221,138.3
1397,11,00100,Roma,Lazio,30.97,9,278.73,10,2025-09-13,11,1,left at door,4.235,250.85700000000003
1398,78,20121,Milano,Lombardia,37.61,2,75.22,5,2025-03-19,2,0,left at door,1.065,71.459
1399,34,20121,Milano,Lombardia,99.38,7,695.66,5,2025-01-06,5,0,call before delivery,3.026,660.877
1400,34,00100,Roma,Lazio,95.82,5,479.1,0,2025-03-12,13,1,none,2.52,479.1
1401,24,10121,Torino,Piemonte,12.96,7,90.72,0,2025-09-25,7,0,call before delivery,3.273,90.72
1402,23,00100,Roma,Lazio,34.94,6,209.64,0,2025-01-17,1,0,left at door,2.454,209.64
1403,22,20121,Milano,Lombardia,73.36,9,660.24,0,2025-10-03,11,1,none,5.01,660.24
1404,18,40121,Bologna,Emilia,8.36,5,41.8,5,2025-10-26,3,0,left at door,2.29,39.709999999999994
1405,19,40121,Bologna,Emilia,8.41,3,25.23,0,2025-10-22,12,1,none,1.309,25.23
1406,8,10121,Torino,Piemonte,9.26,4,37.04,0,2025-02-13,11,1,none,2.126,37.04
1407,78,40121,Bologna,Emilia,87.5,6,525.0,0,2025-08-23,4,0,fragile - handle with care,2.928,525.0
1408,65,20121,Milano,Lombardia,36.7,3,110.1,10,2025-03-24,9,1,left at door,1.395,99.08999999999999
1409,26,80121,Napoli,Campania,35.28,1,35.28,5,2025-12-14,11,1,none,0.421,33.516
1410,50,00100,Roma,Lazio,80.37,2,160.74,0,2025-04-14,5,0,left at door,1.195,160.74
1411,10,40121,Bologna,Emilia,35.26,2,70.52,10,2025-05-20,6,0,left at door,1.037,63.467999999999996
1412,70,00100,Roma,Lazio,75.15,8,601.2,0,2025-10-05,14,1,none,3.909,601.2
1413,73,40121,Bologna,Emilia,40.09,7,280.63,5,2025-06-17,14,1,left at door,3.622,266.5985
1414,43,20121,Milano,Lombardia,33.26,9,299.34,5,2025-10-03,1,0,left at door,4.416,284.373
1415,13,20121,Milano,Lombardia,41.79,8,334.32,0,2025-04-16,13,1,call before delivery,4.463,334.32
1416,28,20121,Milano,Lombardia,20.96,2,41.92,0,2025-10-01,14,1,fragile - handle with care,1.146,41.92
1417,59,40121,Bologna,Emilia,12.13,6,72.78,0,2025-01-04,6,0,fragile - handle with care,2.763,72.78
1418,28,40121,Bologna,Emilia,87.76,9,789.84,10,2025-10-21,9,1,left at door,5.275,710.856
1419,53,20121,Milano,Lombardia,87.5,6,525.0,10,2025-06-09,6,0,call before delivery,2.754,472.5
1420,77,10121,Torino,Piemonte,48.78,6,292.68,10,2025-03-22,14,1,none,3.163,263.41200000000003
1421,57,00100,Roma,Lazio,70.4,8,563.2,5,2025-07-02,7,0,none,4.709,535.0400000000001
1422,20,80121,Napoli,Campania,86.95,1,86.95,10,2025-06-10,11,1,none,0.54,78.255
1423,62,80121,Napoli,Campania,42.12,9,379.08,0,2025-06-19,14,1,fragile - handle with care,3.697,379.08
1424,29,20121,Milano,Lombardia,72.62,8,580.96,10,2025-05-31,10,1,fragile - handle with care,4.195,522.864
1425,15,10121,Torino,Piemonte,76.71,9,690.39,10,2025-01-14,3,0,fragile - handle with care,5.141,621.351
1426,68,10121,Torino,Piemonte,12.42,1,12.42,10,2025-02-10,6,0,fragile - handle with care,0.411,11.178
1427,3,40121,Bologna,Emilia,18.13,8,145.04,10,2025-02-28,8,1,fragile - handle with care,3.521,130.536
1428,36,00100,Roma,Lazio,76.28,8,610.24,0,2025-01-26,9,1,fragile - handle with care,3.856,610.24
1429,35,10121,Torino,Piemonte,72.04,4,288.16,5,2025-04-10,10,1,fragile - handle with care,1.912,273.752
1430,7,80121,Napoli,Campania,22.6,2,45.2,10,2025-12-17,14,1,call before delivery,1.192,40.68000000000001
1431,36,40121,Bologna,Emilia,83.54,7,584.78,5,2025-05-30,11,1,left at door,2.92,555.5409999999999
1432,62,10121,Torino,Piemonte,81.09,2,162.18,0,2025-02-13,14,1,none,0.871,162.18
1433,19,00100,Roma,Lazio,36.61,3,109.83,5,2025-03-16,1,0,left at door,1.58,104.3385
1434,12,80121,Napoli,Campania,37.33,7,261.31,5,2025-09-06,3,0,fragile - handle with care,2.957,248.24450000000002
1435,64,00100,Roma,Lazio,15.5,9,139.5,5,2025-05-13,9,1,call before delivery,4.712,132.525
1436,26,20121,Milano,Lombardia,47.32,9,425.88,5,2025-06-04,10,1,call before delivery,4.736,404.586
1437,9,40121,Bologna,Emilia,15.43,3,46.29,10,2025-04-15,7,0,call before delivery,1.531,41.661
1438,41,10121,Torino,Piemonte,56.62,1,56.62,5,2025-10-19,3,0,fragile - handle with care,0.484,53.789
1439,40,10121,Torino,Piemonte,64.34,9,579.06,10,2025-02-09,5,0,left at door,4.444,521.154
1440,70,10121,Torino,Piemonte,60.28,8,482.24,0,2025-02-15,2,0,left at door,3.792,482.24
1441,42,00100,Roma,Lazio,11.81,3,35.43,10,2025-11-16,14,1,call before delivery,1.432,31.887
1442,71,00100,Roma,Lazio,64.06,1,64.06,0,2025-02-25,10,1,fragile - handle with care,0.47,64.06
1443,1,80121,Napoli,Campania,76.46,3,229.38,0,2025-08-10,2,0,none,1.384,229.38
1444,56,80121,Napoli,Campania,18.48,3,55.44,0,2025-07-09,10,1,call before delivery,1.303,55.44
1445,65,00100,Roma,Lazio,61.53,4,246.12,0,2025-12-25,10,1,none,2.05,246.12
1446,44,40121,Bologna,Emilia,82.81,5,414.05,0,2025-09-17,4,0,left at door,2.606,414.05
1447,29,10121,Torino,Piemonte,23.39,5,116.95,5,2025-08-09,3,0,call before delivery,2.545,111.1025
1448,44,40121,Bologna,Emilia,91.77,4,367.08,5,2025-08-21,8,1,left at door,2.006,348.726
1449,37,00100,Roma,Lazio,97.33,2,194.66,5,2025-08-13,14,1,left at door,1.124,184.927
1450,8,40121,Bologna,Emilia,72.61,9,653.49,10,2025-08-11,1,0,none,5.243,588.1410000000001
1451,13,40121,Bologna,Emilia,87.84,3,263.52,5,2025-05-13,8,1,left at door,1.237,250.344
1452,45,80121,Napoli,Campania,30.82,2,61.64,5,2025-09-15,3,0,left at door,0.962,58.558
1453,32,20121,Milano,Lombardia,68.17,8,545.36,5,2025-10-21,7,0,left at door,3.952,518.092
1454,78,10121,Torino,Piemonte,92.98,6,557.88,10,2025-12-12,10,1,none,2.519,502.092
1455,36,00100,Roma,Lazio,9.25,9,83.25,10,2025-06-18,4,0,call before delivery,4.199,74.925
1456,64,00100,Roma,Lazio,82.98,3,248.94,5,2025-06-10,6,0,fragile - handle with care,1.451,236.493
1457,48,00100,Roma,Lazio,27.51,2,55.02,5,2025-10-28,8,1,left at door,0.816,52.269000000000005
1458,72,10121,Torino,Piemonte,81.11,5,405.55,0,2025-01-29,3,0,call before delivery,2.433,405.55
1459,3,00100,Roma,Lazio,66.03,4,264.12,0,2025-06-20,13,1,fragile - handle with care,1.682,264.12
1460,49,40121,Bologna,Emilia,81.15,1,81.15,0,2025-03-02,11,1,call before delivery,0.481,81.15
1461,34,00100,Roma,Lazio,43.09,4,172.36,5,2025-09-27,2,0,left at door,1.759,163.74200000000002
1462,49,40121,Bologna,Emilia,47.77,6,286.62,0,2025-01-20,6,0,left at door,2.522,286.62
1463,39,10121,Torino,Piemonte,92.81,8,742.48,0,2025-08-30,10,1,fragile - handle with care,3.303,742.48
1464,14,20121,Milano,Lombardia,11.77,8,94.16,5,2025-12-13,2,0,left at door,4.024,89.452
1465,76,10121,Torino,Piemonte,19.84,6,119.04,5,2025-05-25,3,0,fragile - handle with care,2.404,113.08800000000001
1466,29,80121,Napoli,Campania,97.42,3,292.26,0,2025-01-22,2,0,call before delivery,1.438,292.26
1467,48,80121,Napoli,Campania,91.76,4,367.04,5,2025-02-03,4,0,none,1.648,348.68800000000005
1468,15,20121,Milano,Lombardia,18.95,3,56.85,10,2025-08-30,14,1,call before delivery,1.613,51.165
1469,55,80121,Napoli,Campania,97.48,8,779.84,10,2025-03-26,12,1,none,4.239,701.856
1470,79,20121,Milano,Lombardia,30.22,2,60.44,5,2025-10-28,10,1,left at door,0.861,57.418
1471,35,40121,Bologna,Emilia,89.75,6,538.5,10,2025-06-10,2,0,left at door,2.837,484.65
1472,66,20121,Milano,Lombardia,90.95,4,363.8,10,2025-11-22,12,1,none,2.179,327.42
1473,40,40121,Bologna,Emilia,7.26,2,14.52,5,2025-06-23,11,1,fragile - handle with care,0.851,13.794
1474,71,40121,Bologna,Emilia,5.92,2,11.84,5,2025-03-11,8,1,left at door,1.125,11.248
1475,78,80121,Napoli,Campania,36.06,8,288.48,0,2025-03-20,1,0,call before delivery,4.258,288.48
1476,38,20121,Milano,Lombardia,93.46,1,93.46,0,2025-07-16,6,0,none,0.588,93.46
1477,33,80121,Napoli,Campania,80.18,5,400.9,5,2025-04-06,8,1,left at door,2.602,380.85499999999996
1478,2,80121,Napoli,Campania,41.75,6,250.5,10,2025-10-30,2,0,call before delivery,2.454,225.45
1479,79,00100,Roma,Lazio,86.51,8,692.08,5,2025-04-29,9,1,fragile - handle with care,3.855,657.476
1480,30,00100,Roma,Lazio,34.22,2,68.44,0,2025-03-21,8,1,call before delivery,1.075,68.44
1481,49,00100,Roma,Lazio,38.0,6,228.0,10,2025-07-19,3,0,none,2.963,205.2
1482,33,40121,Bologna,Emilia,23.1,9,207.9,0,2025-04-04,2,0,call before delivery,4.269,207.9
1483,73,20121,Milano,Lombardia,96.16,2,192.32,10,2025-02-02,12,1,left at door,0.9,173.088
1484,73,00100,Roma,Lazio,81.34,3,244.02,10,2025-03-28,2,0,left at door,1.614,219.618
1485,46,00100,Roma,Lazio,48.93,7,342.51,0,2025-05-29,4,0,left at door,3.018,342.51
1486,51,80121,Napoli,Campania,30.11,7,210.77,5,2025-07-10,11,1,left at door,3.869,200.2315
1487,65,10121,Torino,Piemonte,96.77,6,580.62,10,2025-09-06,7,0,left at door,2.737,522.558
1488,49,00100,Roma,Lazio,42.7,9,384.3,0,2025-11-04,5,0,left at door,4.639,384.3
1489,65,20121,Milano,Lombardia,25.02,5,125.1,0,2025-11-02,4,0,call before delivery,2.922,125.1
1490,41,40121,Bologna,Emilia,45.34,6,272.04,10,2025-10-17,7,0,call before delivery,3.112,244.836
1491,31,20121,Milano,Lombardia,73.32,4,293.28,5,2025-07-08,11,1,call before delivery,2.295,278.616
1492,61,40121,Bologna,Emilia,78.22,1,78.22,10,2025-03-18,3,0,fragile - handle with care,0.418,70.398
1493,27,20121,Milano,Lombardia,15.35,6,92.1,0,2025-12-13,4,0,fragile - handle with care,3.012,92.1
1494,30,40121,Bologna,Emilia,94.86,6,569.16,5,2025-06-20,4,0,none,3.185,540.702
1495,75,00100,Roma,Lazio,69.08,1,69.08,10,2025-09-26,4,0,call before delivery,0.432,62.172
1496,4,80121,Napoli,Campania,10.94,5,54.7,5,2025-06-06,2,0,none,2.696,51.965
1497,27,40121,Bologna,Emilia,84.56,5,422.8,5,2025-10-16,1,0,none,2.659,401.66
1498,28,10121,Torino,Piemonte,97.33,5,486.65,0,2025-10-07,13,1,call before delivery,2.459,486.65
1499,62,40121,Bologna,Emilia,84.59,9,761.31,0,2025-02-19,13,1,left at door,5.03,761.31
1500,71,00100,Roma,Lazio,5.93,4,23.72,0,2025-05-13,5,0,call before delivery,1.603,23.72
1501,15,40121,Bologna,Emilia,49.94,2,99.88,10,2025-07-04,1,0,left at door,1.171,89.892
1502,63,10121,Torino,Piemonte,60.97,8,487.76,5,2025-08-08,6,0,none,3.346,463.372
1503,39,00100,Roma,Lazio,89.36,2,178.72,0,2025-01-13,5,0,none,1.108,178.72
1504,4,00100,Roma,Lazio,52.76,1,52.76,10,2025-09-28,14,1,none,0.431,47.483999999999995
1505,30,10121,Torino,Piemonte,12.35,4,49.4,5,2025-09-02,10,1,left at door,1.609,46.93
1506,34,40121,Bologna,Emilia,93.68,1,93.68,5,2025-06-29,3,0,none,0.519,88.99600000000001
1507,22,40121,Bologna,Emilia,95.41,5,477.05,5,2025-04-29,5,0,none,2.549,453.1975
1508,37,00100,Roma,Lazio,51.19,6,307.14,5,2025-02-13,1,0,none,3.293,291.783
1509,19,00100,Roma,Lazio,10.08,4,40.32,0,2025-11-18,9,1,left at door,2.289,40.32
1510,63,20121,Milano,Lombardia,84.69,2,169.38,5,2025-01-26,5,0,fragile - handle with care,0.986,160.911
1511,77,20121,Milano,Lombardia,75.46,5,377.3,5,2025-02-17,6,0,left at door,2.525,358.435
1512,34,00100,Roma,Lazio,97.27,5,486.35,10,2025-09-21,11,1,left at door,2.588,437.71500000000003
1513,53,00100,Roma,Lazio,5.69,7,39.83,10,2025-01-28,13,1,fragile - handle with care,3.267,35.847
1514,37,20121,Milano,Lombardia,46.37,9,417.33,5,2025-05-03,11,1,none,5.042,396.46349999999995
1515,37,00100,Roma,Lazio,31.96,8,255.68,0,2025-05-25,3,0,none,4.421,255.68
1516,12,00100,Roma,Lazio,15.23,9,137.07,5,2025-05-28,12,1,left at door,3.886,130.2165
1517,46,20121,Milano,Lombardia,74.84,1,74.84,5,2025-02-27,1,0,fragile - handle with care,0.538,71.098
1518,55,20121,Milano,Lombardia,37.42,9,336.78,0,2025-09-18,3,0,call before delivery,3.986,336.78
1519,67,10121,Torino,Piemonte,8.7,4,34.8,0,2025-07-20,2,0,none,1.827,34.8
1520,66,00100,Roma,Lazio,17.69,9,159.21,5,2025-09-07,6,0,left at door,4.634,151.2495
1521,54,10121,Torino,Piemonte,81.57,6,489.42,5,2025-06-08,8,1,none,2.928,464.949
1522,58,80121,Napoli,Campania,62.56,7,437.92,0,2025-11-06,5,0,left at door,3.609,437.92
1523,11,80121,Napoli,Campania,25.43,1,25.43,0,2025-01-09,9,1,left at door,0.447,25.43
1524,35,00100,Roma,Lazio,71.12,1,71.12,10,2025-10-17,14,1,fragile - handle with care,0.552,64.00800000000001
1525,17,20121,Milano,Lombardia,17.39,9,156.51,0,2025-03-30,12,1,call before delivery,3.801,156.51
1526,67,40121,Bologna,Emilia,68.95,4,275.8,10,2025-08-02,7,0,left at door,1.606,248.22000000000003
1527,71,00100,Roma,Lazio,67.23,6,403.38,5,2025-02-25,14,1,call before delivery,2.647,383.211
1528,23,10121,Torino,Piemonte,5.52,8,44.16,0,2025-05-18,9,1,call before delivery,4.004,44.16
1529,45,80121,Napoli,Campania,53.59,5,267.95,0,2025-03-07,6,0,left at door,2.851,267.95
1530,60,40121,Bologna,Emilia,74.0,9,666.0,5,2025-05-02,3,0,none,4.212,632.7
1531,47,00100,Roma,Lazio,77.06,5,385.3,10,2025-12-27,12,1,fragile - handle with care,2.087,346.77
1532,43,20121,Milano,Lombardia,72.04,1,72.04,0,2025-08-20,1,0,none,0.597,72.04
1533,13,00100,Roma,Lazio,89.08,2,178.16,0,2025-07-31,6,0,none,1.073,178.16
1534,79,10121,Torino,Piemonte,76.84,5,384.2,0,2025-03-13,13,1,left at door,2.283,384.2
1535,11,80121,Napoli,Campania,92.59,1,92.59,10,2025-10-12,6,0,fragile - handle with care,0.446,83.331
1536,16,40121,Bologna,Emilia,44.41,8,355.28,5,2025-02-04,9,1,none,3.44,337.51599999999996
1537,18,40121,Bologna,Emilia,8.25,7,57.75,10,2025-05-21,2,0,none,2.956,51.975
1538,15,40121,Bologna,Emilia,22.2,1,22.2,5,2025-03-06,11,1,none,0.544,21.09
1539,26,20121,Milano,Lombardia,32.34,9,291.06,0,2025-03-08,13,1,call before delivery,3.808,291.06
1540,3,80121,Napoli,Campania,8.97,9,80.73,5,2025-08-13,1,0,fragile - handle with care,4.823,76.6935
1541,45,00100,Roma,Lazio,15.28,8,122.24,5,2025-05-03,5,0,fragile - handle with care,3.843,116.128
1542,25,00100,Roma,Lazio,54.28,8,434.24,10,2025-08-15,13,1,fragile - handle with care,4.204,390.81600000000003
1543,30,20121,Milano,Lombardia,28.99,1,28.99,0,2025-09-11,10,1,left at door,0.474,28.99
1544,63,10121,Torino,Piemonte,32.13,5,160.65,0,2025-03-10,8,1,fragile - handle with care,2.117,160.65
1545,54,20121,Milano,Lombardia,75.44,1,75.44,0,2025-05-31,8,1,none,0.4,75.44
1546,47,10121,Torino,Piemonte,86.19,3,258.57,5,2025-05-13,1,0,left at door,1.7,245.6415
1547,35,80121,Napoli,Campania,86.89,5,434.45,0,2025-01-04,14,1,none,2.827,434.45
1548,79,10121,Torino,Piemonte,40.21,5,201.05,5,2025-01-03,6,0,fragile - handle with care,2.13,190.9975
1549,41,10121,Torino,Piemonte,72.41,6,434.46,10,2025-07-22,4,0,call before delivery,2.73,391.014
1550,60,40121,Bologna,Emilia,85.97,6,515.82,10,2025-09-20,9,1,call before delivery,2.946,464.23800000000006
1551,76,00100,Roma,Lazio,19.34,6,116.04,5,2025-07-06,8,1,fragile - handle with care,3.524,110.238
1552,1,80121,Napoli,Campania,24.05,7,168.35,5,2025-04-04,3,0,none,3.314,159.9325
1553,4,80121,Napoli,Campania,66.56,8,532.48,5,2025-09-06,12,1,fragile - handle with care,4.093,505.856
1554,79,00100,Roma,Lazio,30.23,2,60.46,0,2025-08-02,6,0,left at door,0.803,60.46
1555,51,40121,Bologna,Emilia,23.3,9,209.7,0,2025-01-11,3,0,none,3.707,209.7
1556,33,80121,Napoli,Campania,39.91,8,319.28,10,2025-11-10,13,1,call before delivery,4.381,287.352
1557,59,00100,Roma,Lazio,6.52,9,58.68,0,2025-11-21,12,1,left at door,4.523,58.68
1558,23,00100,Roma,Lazio,46.64,7,326.48,0,2025-02-11,14,1,none,2.892,326.48
1559,15,00100,Roma,Lazio,9.49,4,37.96,10,2025-06-18,8,1,none,2.178,34.164
1560,7,80121,Napoli,Campania,28.25,3,84.75,10,2025-10-20,8,1,fragile - handle with care,1.322,76.275
1561,68,10121,Torino,Piemonte,25.67,5,128.35,5,2025-05-12,2,0,none,2.902,121.93249999999999
1562,30,80121,Napoli,Campania,36.3,4,145.2,5,2025-06-26,11,1,left at door,2.39,137.94
1563,10,00100,Roma,Lazio,16.91,9,152.19,0,2025-04-16,14,1,left at door,5.309,152.19
1564,17,40121,Bologna,Emilia,49.76,6,298.56,0,2025-10-22,7,0,call before delivery,2.619,298.56
1565,64,40121,Bologna,Emilia,70.35,7,492.45,0,2025-11-07,6,0,call before delivery,3.629,492.45
1566,30,10121,Torino,Piemonte,37.2,7,260.4,0,2025-08-09,5,0,call before delivery,4.029,260.4
1567,16,40121,Bologna,Emilia,93.08,1,93.08,0,2025-04-07,7,0,call before delivery,0.525,93.08
1568,34,00100,Roma,Lazio,86.68,8,693.44,0,2025-05-30,2,0,left at door,3.308,693.44
1569,34,00100,Roma,Lazio,34.07,9,306.63,10,2025-04-20,11,1,fragile - handle with care,4.07,275.967
1570,27,40121,Bologna,Emilia,8.7,4,34.8,10,2025-01-05,9,1,fragile - handle with care,2.137,31.319999999999997
1571,32,80121,Napoli,Campania,77.98,6,467.88,5,2025-11-22,14,1,call before delivery,2.856,444.486
1572,56,80121,Napoli,Campania,27.8,2,55.6,5,2025-06-21,3,0,fragile - handle with care,0.865,52.82
1573,46,40121,Bologna,Emilia,36.56,2,73.12,10,2025-06-21,4,0,fragile - handle with care,1.026,65.808
1574,26,10121,Torino,Piemonte,60.04,9,540.36,5,2025-11-08,3,0,none,5.136,513.342
1575,51,80121,Napoli,Campania,99.89,4,399.56,0,2025-01-18,2,0,call before delivery,2.144,399.56
1576,61,00100,Roma,Lazio,33.47,8,267.76,5,2025-10-25,9,1,none,3.622,254.37199999999999
1577,4,40121,Bologna,Emilia,49.51,6,297.06,5,2025-02-14,11,1,call before delivery,2.631,282.207
1578,10,10121,Torino,Piemonte,64.61,4,258.44,0,2025-03-26,8,1,fragile - handle with care,1.688,258.44
1579,65,40121,Bologna,Emilia,69.92,6,419.52,0,2025-10-03,10,1,call before delivery,2.73,419.52
1580,5,80121,Napoli,Campania,25.16,3,75.48,10,2025-04-29,1,0,none,1.555,67.932
1581,42,00100,Roma,Lazio,61.56,4,246.24,10,2025-04-29,7,0,fragile - handle with care,2.329,221.616
1582,4,40121,Bologna,Emilia,56.69,6,340.14,0,2025-03-09,2,0,fragile - handle with care,2.722,340.14
1583,73,00100,Roma,Lazio,67.57,7,472.99,0,2025-04-22,10,1,none,3.846,472.99
1584,23,10121,Torino,Piemonte,15.92,4,63.68,5,2025-05-14,6,0,left at door,2.36,60.496
1585,14,00100,Roma,Lazio,17.0,5,85.0,5,2025-04-18,14,1,none,2.366,80.75
1586,35,20121,Milano,Lombardia,97.68,1,97.68,0,2025-12-22,5,0,fragile - handle with care,0.555,97.68
1587,36,80121,Napoli,Campania,83.02,9,747.18,10,2025-12-22,12,1,call before delivery,5.386,672.462
1588,70,10121,Torino,Piemonte,83.62,1,83.62,0,2025-06-25,10,1,call before delivery,0.449,83.62
1589,76,40121,Bologna,Emilia,93.74,8,749.92,10,2025-06-27,8,1,left at door,4.076,674.928
1590,39,80121,Napoli,Campania,96.26,7,673.82,10,2025-03-21,7,0,call before delivery,4.025,606.4380000000001
1591,51,80121,Napoli,Campania,42.38,2,84.76,5,2025-11-23,13,1,fragile - handle with care,0.855,80.522
1592,59,00100,Roma,Lazio,76.64,3,229.92,10,2025-04-03,9,1,none,1.245,206.928
1593,41,20121,Milano,Lombardia,65.95,1,65.95,5,2025-10-18,13,1,none,0.528,62.6525
1594,17,80121,Napoli,Campania,58.19,3,174.57,0,2025-12-15,10,1,left at door,1.556,174.57
1595,38,40121,Bologna,Emilia,69.54,8,556.32,5,2025-10-15,11,1,none,4.651,528.504
1596,49,10121,Torino,Piemonte,35.35,9,318.15,5,2025-06-15,11,1,left at door,4.785,302.24249999999995
1597,73,00100,Roma,Lazio,86.91,6,521.46,0,2025-10-11,2,0,fragile - handle with care,3.488,521.46
1598,26,40121,Bologna,Emilia,43.67,5,218.35,10,2025-11-06,3,0,none,2.522,196.515
1599,1,00100,Roma,Lazio,19.08,9,171.72,0,2025-04-22,8,1,call before delivery,4.727,171.72
